-- MySQL Script generated by MySQL Workbench
-- Mon May 24 01:58:31 2021
-- Model: New Model    Version: 1.0
-- MySQL Workbench Forward Engineering

SET @OLD_UNIQUE_CHECKS=@@UNIQUE_CHECKS, UNIQUE_CHECKS=0;
SET @OLD_FOREIGN_KEY_CHECKS=@@FOREIGN_KEY_CHECKS, FOREIGN_KEY_CHECKS=0;
SET @OLD_SQL_MODE=@@SQL_MODE, SQL_MODE='ONLY_FULL_GROUP_BY,STRICT_TRANS_TABLES,NO_ZERO_IN_DATE,NO_ZERO_DATE,ERROR_FOR_DIVISION_BY_ZERO,NO_ENGINE_SUBSTITUTION';

-- -----------------------------------------------------
-- Schema pelu-recu
-- -----------------------------------------------------

-- -----------------------------------------------------
-- Schema pelu-recu
-- -----------------------------------------------------
CREATE SCHEMA IF NOT EXISTS `pelu-recu` DEFAULT CHARACTER SET utf8 ;
USE `pelu-recu` ;

-- -----------------------------------------------------
-- Table `pelu-recu`.`USUARIO`
-- -----------------------------------------------------
CREATE TABLE IF NOT EXISTS `pelu-recu`.`USUARIO` (
  `id` INT NOT NULL AUTO_INCREMENT,
  `nombre` VARCHAR(45) NULL,
  `apellidos` VARCHAR(45) NULL,
  `telefono` INT NULL,
  `email` VARCHAR(45) NULL,
  PRIMARY KEY (`id`),
  UNIQUE INDEX `id_UNIQUE` (`id` ASC))
ENGINE = InnoDB;

INSERT INTO `usuario` (`id`, `nombre`, `apellidos`, `telefono`, `email`, `password`, `role`, `username`, `avatar`) VALUES
(1, 'Tamara', 'Garcia', '658774115', 'tamaragar@gmail.com', 'user', 'ROLE_USER', 'user', 'avatar1.jpg'),
(2, 'Paula', 'Catalá', '621032215', 'catalapau@gmail.com', 'Pau_00', 'ROLE_USER', 'Paula', 'foto.jpg'),
(3, 'Jose', 'Murcia', '699874610', 'josemur@gmail.com', 'Murcia_69', 'ROLE_USER', 'Jose', 'imagen2.jpg'),
(4, 'Admin', 'Chacón', '655477412', 'amparoChacon@gmail.com', 'admin', 'ROLE_ADMIN', 'admin', 'foto3.jpg'),
(6, 'Adrian', 'Garcia', '695414544', 'adri@gmail.com', 'user', 'ROLE_USER', 'user', 'avatar2.jpg'),
(8, 'Usuario', 'Creado', '966544525', 'usuario@gmail.com', 'user', 'ROLE_USER', 'vapordev', 'avatar3.jpg');


-- -----------------------------------------------------
-- Table `pelu-recu`.`SERVICIO`
-- -----------------------------------------------------
CREATE TABLE IF NOT EXISTS `pelu-recu`.`SERVICIO` (
  `id` INT NOT NULL AUTO_INCREMENT,
  `nombre` VARCHAR(45) NULL,
  PRIMARY KEY (`id`),
  UNIQUE INDEX `id_UNIQUE` (`id` ASC))
ENGINE = InnoDB;

INSERT INTO `servicio` (`id`, `nombre`) VALUES
(1, 'Corte Mujer'),
(2, 'Corte Caballero'),
(3, 'Color'),
(4, 'Lavar y secar'),
(5, 'Recogido'),
(6, 'Secado y peinado');



-- -----------------------------------------------------
-- Table `pelu-recu`.`REALIZA`
-- -----------------------------------------------------
CREATE TABLE IF NOT EXISTS `pelu-recu`.`REALIZA` (
  `id` INT NOT NULL AUTO_INCREMENT,
  `USUARIO_id` INT NOT NULL,
  PRIMARY KEY (`id`, `USUARIO_id`),
  UNIQUE INDEX `id_UNIQUE` (`id` ASC) ,
  INDEX `fk_REALIZA_USUARIO1_idx` (`USUARIO_id` ASC),
  CONSTRAINT `fk_REALIZA_USUARIO1`
    FOREIGN KEY (`USUARIO_id`)
    REFERENCES `pelu-recu`.`USUARIO` (`id`)
    ON DELETE NO ACTION
    ON UPDATE NO ACTION)
ENGINE = InnoDB;


INSERT INTO `realiza` (`id`, `USUARIO_id`) VALUES
(1, 1),
(2, 3),
(3, 4),
(4, 2),
(5, 4),
(6, 4),
(7, 4),
(8, 4),
(9, 4),
(10, 4),
(11, 4),
(12, 4),
(13, 4),
(14, 4),
(15, 4),
(16, 4),
(17, 4),
(18, 4),
(19, 4),
(20, 4),
(21, 4),
(22, 4),
(23, 4),
(24, 4),
(25, 4),
(26, 4),
(27, 4),
(28, 4),
(29, 4),
(30, 4),
(31, 4),
(32, 4),
(33, 4),
(34, 4),
(35, 4),
(36, 4),
(37, 4),
(38, 4),
(39, 4),
(40, 4),
(41, 4),
(42, 4),
(43, 4),
(44, 4),
(45, 4),
(46, 4),
(47, 4),
(48, 4),
(49, 4),
(50, 4),
(51, 4),
(52, 1),
(53, 1),
(54, 1),
(55, 1),
(56, 1),
(57, 1),
(58, 4),
(59, 4),
(60, 4),
(61, 4),
(62, 4),
(63, 1),
(64, 1);


-- -----------------------------------------------------
-- Table `pelu-recu`.`PEDIDO`
-- -----------------------------------------------------
CREATE TABLE IF NOT EXISTS `pelu-recu`.`PEDIDO` (
  `id` INT NOT NULL AUTO_INCREMENT,
  `precio` VARCHAR(45) NULL,
  `fecha` DATETIME NULL,
  `estado` VARCHAR(45) NULL,
  `REALIZA_id` INT NOT NULL,
  `REALIZA_USUARIO_id` INT NOT NULL,
  PRIMARY KEY (`id`),
  UNIQUE INDEX `id_UNIQUE` (`id` ASC) ,
  INDEX `fk_PEDIDO_REALIZA1_idx` (`REALIZA_id` ASC, `REALIZA_USUARIO_id` ASC) ,
  CONSTRAINT `fk_PEDIDO_REALIZA1`
    FOREIGN KEY (`REALIZA_id` , `REALIZA_USUARIO_id`)
    REFERENCES `pelu-recu`.`REALIZA` (`id` , `USUARIO_id`)
    ON DELETE NO ACTION
    ON UPDATE NO ACTION)
ENGINE = InnoDB;

INSERT INTO `pedido` (`id`, `precio`, `fecha`, `estado`, `REALIZA_id`, `REALIZA_USUARIO_id`) VALUES
(1, '80', '2021-01-03', 'Preparando', 1, 1),
(2, '140.69', '2020-12-30', 'Enviado', 2, 3),
(3, '245.95', '2021-01-29', 'En reparto', 3, 4),
(9, '8', '2021-05-22', 'Preparando', 4, 2),
(10, '8', '2021-05-22', 'Preparando', 4, 2),
(11, '8', '2021-05-22', 'Preparando', 4, 2),
(12, '8', '2021-05-22', 'Preparando', 4, 2),
(16, '48', '2021-05-22', 'Preparando', 15, 4),
(17, '48', '2021-05-22', 'Preparando', 16, 4),
(18, '22', '2021-05-22', 'Preparando', 17, 4),
(19, '22', '2021-05-22', 'Preparando', 18, 4),
(20, '22', '2021-05-22', 'Preparando', 19, 4),
(21, '22', '2021-05-22', 'Preparando', 20, 4),
(22, '22', '2021-05-22', 'Preparando', 21, 4),
(23, '22', '2021-05-22', 'Preparando', 22, 4),
(24, '22', '2021-05-23', 'Preparando', 23, 4),
(25, '22', '2021-05-23', 'Preparando', 24, 4),
(26, '22', '2021-05-23', 'Preparando', 25, 4),
(27, '22', '2021-05-23', 'Preparando', 26, 4),
(28, '22', '2021-05-23', 'Preparando', 27, 4),
(29, '22', '2021-05-23', 'Preparando', 28, 4),
(30, '22', '2021-05-23', 'Preparando', 29, 4),
(31, '22', '2021-05-23', 'Preparando', 30, 4),
(32, '8', '2021-05-23', 'Preparando', 31, 4),
(33, '56', '2021-05-23', 'Preparando', 32, 4),
(34, '36', '2021-05-23', 'Preparando', 33, 4),
(35, '28', '2021-05-23', 'Preparando', 34, 4),
(36, '28', '2021-05-23', 'Preparando', 35, 4),
(37, '62', '2021-05-23', 'Preparando', 36, 4),
(38, '62', '2021-05-23', 'Preparando', 37, 4),
(39, '62', '2021-05-23', 'Preparando', 38, 4),
(40, '62', '2021-05-23', 'Preparando', 39, 4),
(41, '62', '2021-05-23', 'Preparando', 40, 4),
(42, '62', '2021-05-23', 'Preparando', 41, 4),
(43, '62', '2021-05-23', 'Preparando', 42, 4),
(44, '62', '2021-05-23', 'Preparando', 43, 4),
(45, '62', '2021-05-23', 'Preparando', 44, 4),
(46, '22', '2021-05-23', 'Preparando', 45, 4),
(47, '22', '2021-05-23', 'Preparando', 46, 4),
(48, '22', '2021-05-23', 'Preparando', 47, 4),
(49, '22', '2021-05-23', 'Preparando', 48, 4),
(50, '22', '2021-05-23', 'Preparando', 49, 4),
(51, '98', '2021-05-23', 'Preparando', 50, 4),
(53, '97', '2021-05-23', 'Preparando', 52, 1),
(54, '97', '2021-05-23', 'Preparando', 53, 1),
(55, '85', '2021-05-23', 'Preparando', 54, 1),
(56, '64', '2021-05-23', 'Preparando', 55, 1),
(57, '98', '2021-05-23', 'Preparando', 56, 1),
(59, '77', '2021-05-23', 'Preparando', 58, 4),
(60, '8', '2021-05-23', 'Preparando', 60, 4),
(61, '14', '2021-05-23', 'Preparando', 61, 4),
(63, '20', '2021-05-23', 'Preparando', 63, 1);


-- -----------------------------------------------------
-- Table `pelu-recu`.`PRODUCTO`
-- -----------------------------------------------------
CREATE TABLE IF NOT EXISTS `pelu-recu`.`PRODUCTO` (
  `id` INT NOT NULL AUTO_INCREMENT,
  `nombre` VARCHAR(45) NULL,
  `categoria` VARCHAR(45) NULL,
  `precio` INT NULL,
  PRIMARY KEY (`id`),
  UNIQUE INDEX `id_UNIQUE` (`id` ASC) )
ENGINE = InnoDB;


INSERT INTO `producto` (`id`, `nombre`, `categoria`, `precio`, `imagen`, `descripcion`) VALUES
(1, 'Sérum Kerastase', 'Tratamientos', 14, 'serum-kerastase.jpg', 'Serum para cabello'),
(2, 'Ampolla Anti-Caida', 'Tratamientos', 8, 'ampolla-1.jpg', 'Ampolla para revitalizar el cabello'),
(3, 'Pantene Revitalize2', 'Champ&uacute;s', 20, 'proteina.jpg', 'Es una champu a prueba de balas'),
(5, 'Champu salerm', 'Champ&uacute;s', 32, 'champu.jpg', 'Champu salerm para pelos '),
(6, 'Ampollas Salerm', 'Tratamientos', 45, 'ampollas-salerm.jpg', 'Ampollas revitalizantes Salerm');

-- -----------------------------------------------------
-- Table `pelu-recu`.`REGISTRA`
-- -----------------------------------------------------
CREATE TABLE IF NOT EXISTS `pelu-recu`.`REGISTRA` (
  `id` INT NOT NULL AUTO_INCREMENT,
  `USUARIO_id` INT NOT NULL,
  `SERVICIO_id` INT NOT NULL,
  `hora` DATETIME NULL,
  `fecha` DATETIME NULL,
  PRIMARY KEY (`id`, `USUARIO_id`, `SERVICIO_id`),
  INDEX `fk_USUARIO_has_SERVICIO_SERVICIO1_idx` (`SERVICIO_id` ASC) ,
  INDEX `fk_USUARIO_has_SERVICIO_USUARIO_idx` (`USUARIO_id` ASC) ,
  UNIQUE INDEX `id_UNIQUE` (`id` ASC) ,
  CONSTRAINT `fk_USUARIO_has_SERVICIO_USUARIO`
    FOREIGN KEY (`USUARIO_id`)
    REFERENCES `pelu-recu`.`USUARIO` (`id`)
    ON DELETE NO ACTION
    ON UPDATE NO ACTION,
  CONSTRAINT `fk_USUARIO_has_SERVICIO_SERVICIO1`
    FOREIGN KEY (`SERVICIO_id`)
    REFERENCES `pelu-recu`.`SERVICIO` (`id`)
    ON DELETE NO ACTION
    ON UPDATE NO ACTION)
ENGINE = InnoDB;

INSERT INTO `registra` (`id`, `USUARIO_id`, `SERVICIO_id`, `hora`, `fecha`) VALUES
(1, 1, 1, '17:00:00', '2021-02-27'),
(2, 3, 2, '18:00:00', '2021-01-09'),
(3, 4, 5, '19:00:00', '2021-01-15'),
(4, 1, 4, '12:00:00', '2021-05-26');


-- -----------------------------------------------------
-- Table `pelu-recu`.`CONTIENEPRO`
-- -----------------------------------------------------
CREATE TABLE IF NOT EXISTS `pelu-recu`.`CONTIENEPRO` (
  `PRODUCTO_id` INT NOT NULL,
  `PEDIDO_id` INT NOT NULL,
  `id` INT NOT NULL,
  PRIMARY KEY (`PRODUCTO_id`, `PEDIDO_id`, `id`),
  INDEX `fk_PRODUCTO_has_PEDIDO_PEDIDO1_idx` (`PEDIDO_id` ASC) ,
  INDEX `fk_PRODUCTO_has_PEDIDO_PRODUCTO1_idx` (`PRODUCTO_id` ASC) ,
  CONSTRAINT `fk_PRODUCTO_has_PEDIDO_PRODUCTO1`
    FOREIGN KEY (`PRODUCTO_id`)
    REFERENCES `pelu-recu`.`PRODUCTO` (`id`)
    ON DELETE NO ACTION
    ON UPDATE NO ACTION,
  CONSTRAINT `fk_PRODUCTO_has_PEDIDO_PEDIDO1`
    FOREIGN KEY (`PEDIDO_id`)
    REFERENCES `pelu-recu`.`PEDIDO` (`id`)
    ON DELETE NO ACTION
    ON UPDATE NO ACTION)
ENGINE = InnoDB;

INSERT INTO `contienepro` (`id`, `PRODUCTO_id`, `PEDIDO_id`) VALUES
(4, 1, 50),
(5, 6, 51),
(6, 5, 51),
(7, 3, 51),
(8, 6, 53),
(9, 5, 53),
(10, 3, 53),
(11, 2, 54),
(12, 5, 54),
(13, 6, 54),
(14, 5, 55),
(15, 5, 55),
(16, 2, 56),
(17, 6, 56),
(18, 6, 56),
(19, 5, 57),
(20, 6, 57),
(21, 2, 59),
(22, 1, 60),
(23, 3, 61);


SET SQL_MODE=@OLD_SQL_MODE;
SET FOREIGN_KEY_CHECKS=@OLD_FOREIGN_KEY_CHECKS;
SET UNIQUE_CHECKS=@OLD_UNIQUE_CHECKS;
